Name;ISIN;Symbol;Market;Currency;"Open Price";"High Price";"low Price";"last Price";"last Trade MIC Time";"Time Zone";Volume;Turnover
"European Equities"
"22 Feb 2023"
1000MERCIS;FR0010285965;ALMIL;"Euronext Growth Paris";EUR;27,90;27,90;27,80;27,80;"20/02/2023 16:07";CET;102;2836,90
2CRSI;FR0013341781;AL2SI;"Euronext Growth Paris";EUR;2,975;3,01;2,95;2,99;"21/02/2023 16:49";CET;4495;13353,19
"A.S.T. GROUPE";FR0000076887;ALAST;"Euronext Growth Paris";EUR;2,48;2,49;2,44;2,45;"21/02/2023 17:18";CET;1918;4701,67
"AASEN SPAREBANK";NO0010672181;AASB;"Euronext Growth Oslo";NOK;121,00;121,00;121,00;121,00;"21/02/2023 09:00";CET;25;3025,00
ACHETER-LOUER.FR;FR001400BJ77;ALALO;"Euronext Growth Paris";EUR;0,0554;0,0575;0,05;0,0519;"21/02/2023 17:35";CET;1829668;99160,10
"ACTIA GROUP";FR0000076655;ALATI;"Euronext Growth Paris";EUR;4,12;4,165;4,055;4,15;"21/02/2023 17:35";CET;9353;38534,61
"ACTICOR BIOTECH";FR0014005OJ5;ALACT;"Euronext Growth Paris";EUR;9,70;9,70;9,50;9,70;"21/02/2023 15:21";CET;1246;11973,16
ADEUNIS;FR0013284627;ALARF;"Euronext Growth Paris";EUR;1,88;1,89;1,86;1,86;"21/02/2023 13:34";CET;647;1212,50
ADOMOS;FR0013247244;ALADO;"Euronext Growth Paris";EUR;0,0023;0,0023;0,0022;0,0022;"21/02/2023 16:53";CET;1665349;3733,02
"ADS MARITIME HOLD";CY0108052115;ADS;"Euronext Growth Oslo";NOK;2,24;2,24;2,19;2,20;"21/02/2023 15:39";CET;97877;215184,33
ADVICENNE;FR0013296746;ALDVI;"Euronext Growth Paris";EUR;4,00;4,05;3,84;3,85;"21/02/2023 17:35";CET;9095;36036,34
AFYREN;FR0014005AC9;ALAFY;"Euronext Growth Paris";EUR;6,02;6,20;5,99;6,11;"21/02/2023 17:10";CET;2234;13613,83
AGRIPOWER;FR0013452281;ALAGP;"Euronext Growth Paris";EUR;8,20;8,24;8,20;8,22;"21/02/2023 16:38";CET;1515;12431,08
AGROGENERATION;FR0010641449;ALAGR;"Euronext Growth Paris";EUR;0,071;0,0711;0,0671;0,0671;"21/02/2023 17:12";CET;96123;6812,13
"AKOBO MINERALS";SE0015193412;AKOBO;"Euronext Growth Oslo";NOK;7,46;7,46;7,44;7,44;"21/02/2023 15:18";CET;1581;11772,64
ALCHIMIE;FR0014000JX7;ALCHI;"Euronext Growth Paris";EUR;2,29;2,29;2,23;2,23;"21/02/2023 17:06";CET;820;1841,80
ALGREEN;FR0011668821;ALGRE;"Euronext Growth Paris";EUR;0,05;0,0505;0,048;0,05;"21/02/2023 17:17";CET;349551;17013,48
"ALPHA MOS";FR0013421286;ALNEO;"Euronext Growth Paris";EUR;2,115;2,17;2,05;2,08;"21/02/2023 17:15";CET;4482;9393,64
"ALTERNUS ENERGY GR";IE00BLRPRP89;ALT;"Euronext Growth Oslo";NOK;19,00;19,15;18,50;19,00;"21/02/2023 16:17";CET;9019;167503,50
ALTHEORA;FR0000061244;ALORA;"Euronext Growth Paris";EUR;1,115;1,115;1,055;1,08;"21/02/2023 17:12";CET;8820;9549,64
"AMA CORPORATION";GB00BNKGZC51;ALAMA;"Euronext Growth Paris";EUR;0,475;0,50;0,46;0,50;"21/02/2023 17:35";CET;10819;5100,35
AMOEBA;FR0011051598;ALMIB;"Euronext Growth Paris";EUR;0,723;0,73;0,712;0,714;"21/02/2023 17:35";CET;125583;90348,25
"ANDFJORD SALMON";NO0010829765;ANDF;"Euronext Growth Oslo";NOK;38,70;38,80;38,50;38,80;"21/02/2023 16:07";CET;4212;162829,00
AQUILA;FR0010340711;ALAQU;"Euronext Growth Paris";EUR;5,75;5,75;5,75;5,75;"15/02/2023 11:30";CET;75;431,25
ARCHOS;FR0014007XT1;ALJXR;"Euronext Growth Paris";EUR;0,05;0,0556;0,0492;0,0504;"21/02/2023 17:35";CET;4569143;236721,25
"ARCTIC BIOSCIENCE";NO0010859580;ABS;"Euronext Growth Oslo";NOK;14,65;14,65;14,00;14,00;"21/02/2023 16:16";CET;1517;21368,00
"ARCTIC FISH HOLDIN";NO0010917719;AFISH;"Euronext Growth Oslo";NOK;103,50;103,50;103,50;103,50;"20/02/2023 09:00";CET;176;18216,00
ARCURE;FR0013398997;ALCUR;"Euronext Growth Paris";EUR;2,64;2,68;2,64;2,68;"21/02/2023 17:21";CET;697;1857,60
ARGEO;NO0010946593;ARGEO;"Euronext Growth Oslo";NOK;1,82;1,97;1,82;1,86;"21/02/2023 16:06";CET;94200;175544,68
ASTROCAST;CH1122548808;ASTRO;"Euronext Growth Oslo";NOK;7,26;7,48;7,06;7,20;"21/02/2023 12:24";CET;12229;88257,00
ATARI;FR0010478248;ALATA;"Euronext Growth Paris";EUR;0,1533;0,1589;0,1533;0,1534;"21/02/2023 17:20";CET;92216;14259,32
AUDACIA;FR00140059B5;ALAUD;"Euronext Growth Paris";EUR;5,68;5,68;5,68;5,68;"21/02/2023 09:00";CET;1;5,68
"AUPLATA MINING GR";FR0013410370;ALAMG;"Euronext Growth Paris";EUR;0,0072;0,0074;0,0071;0,0073;"21/02/2023 17:35";CET;4039550;29205,24
"AURORA EIENDOM";NO0011032310;AURA;"Euronext Growth Oslo";NOK;87,00;87,00;87,00;87,00;"20/02/2023 10:31";CET;200;17400,00
"AWILCO DRILLING";NO0012785098;AWDR;"Euronext Growth Oslo";NOK;39,75;39,75;39,75;39,75;"21/02/2023 16:25";CET;1190;47302,50
"AYFIE GROUP";NO0010793243;AYFIE;"Euronext Growth Oslo";NOK;0,70;0,736;0,69;0,736;"21/02/2023 15:32";CET;10001;6970,74
BAIKOWSKI;FR0013384369;ALBKK;"Euronext Growth Paris";EUR;20,60;20,60;19,65;20,00;"21/02/2023 17:35";CET;734;14594,55
"BALTIC SEA PROP";NO0010810476;BALT;"Euronext Growth Oslo";NOK;50,00;50,00;50,00;50,00;"20/12/2022 10:16";CET;5000;250000,00
"BARRAMUNDI GROUP";SGXZ33675836;BARRA;"Euronext Growth Oslo";NOK;5,00;5,00;5,00;5,00;"07/02/2023 10:38";CET;1;5,00
"BARRYROE OFFSHORE";IE00B66B5T26;BEY;"Euronext Growth Dublin";EUR;0,025;0,025;0,025;0,025;"21/02/2023 14:01";IST;700;17,50
"BD MULTI MEDIA";FR0000035305;ALBDM;"Euronext Growth Paris";EUR;1,804;1,942;1,804;1,92;"21/02/2023 14:19";CET;1273;2339,15
"BENCHMARK HOLDINGS";GB00BGHPT808;BMK;"Euronext Growth Oslo";NOK;4,9995;4,9995;4,5005;4,9995;"08/02/2023 15:29";CET;508;2315,21
"BERGEN CARBON SOL";NO0010950249;BCS;"Euronext Growth Oslo";NOK;8,36;9,30;8,25;9,25;"21/02/2023 16:25";CET;421640;3711929,30
"BERNARD LOISEAU";FR0000066961;ALDBL;"Euronext Growth Paris";EUR;3,72;3,72;3,72;3,72;"20/02/2023 11:30";CET;3;11,16
BILENDI;FR0004174233;ALBLD;"Euronext Growth Paris";EUR;20,90;21,10;20,90;20,90;"21/02/2023 16:22";CET;477;9985,00
"BIO-UV GROUP";FR0013345493;ALTUV;"Euronext Growth Paris";EUR;5,17;5,17;5,03;5,06;"21/02/2023 17:35";CET;20229;103579,31
BIOCORP;FR0012788065;ALCOR;"Euronext Growth Paris";EUR;23,00;23,30;23,00;23,00;"21/02/2023 17:35";CET;724;16705,10
"BIOFISH HOLDING";NO0010955198;BFISH;"Euronext Growth Oslo";NOK;1,27;1,33;1,25;1,33;"21/02/2023 16:07";CET;104901;134247,81
BIOPHYTIS;FR0012816825;ALBPS;"Euronext Growth Paris";EUR;0,0459;0,0529;0,0456;0,0468;"21/02/2023 17:35";CET;7959990;389247,30
"BIOPHYTIS BSA";FR0013507290;BPSBS;"Euronext Growth Paris";EUR;0,042;0,042;0,042;0,042;"14/02/2023 09:00";CET;4;0,17
BIOSYNEX;FR0011005933;ALBIO;"Euronext Growth Paris";EUR;11,97;12,04;11,71;11,83;"21/02/2023 17:35";CET;11703;139246,33
"BLACK SEA PROPERTY";NO0010755101;BSP;"Euronext Growth Oslo";NOK;1,00;1,00;1,00;1,00;"21/02/2023 16:03";CET;250;250,00
BLUELINEA;FR0011041011;ALBLU;"Euronext Growth Paris";EUR;1,545;1,60;1,545;1,555;"21/02/2023 15:12";CET;1003;1578,38
"BOA CONCEPT";FR0011365907;ALBOA;"Euronext Growth Paris";EUR;32,00;32,00;31,60;31,80;"21/02/2023 13:47";CET;466;14866,40
BOOSTHEAT;FR0011814938;ALBOO;"Euronext Growth Paris";EUR;0,043;0,043;0,0402;0,0413;"21/02/2023 17:35";CET;770473;31857,18
"BOURRELIER GROUP";FR0000054421;ALBOU;"Euronext Growth Paris";EUR;48,00;48,00;48,00;48,00;"20/02/2023 11:30";CET;5;240,00
BROADPEAK;FR001400AJZ7;ALBPK;"Euronext Growth Paris";EUR;5,94;6,10;5,92;6,011;"21/02/2023 16:47";CET;2892;17487,53
"BW Epic Kosan";SGXZ80461361;BWEK;"Euronext Growth Oslo";NOK;19,50;19,90;19,50;19,90;"21/02/2023 16:25";CET;7112;139134,40
"BW IDEOL";NO0010947385;BWIDL;"Euronext Growth Oslo";NOK;7,20;7,20;7,00;7,08;"21/02/2023 16:16";CET;6103;43929,08
CABASSE;FR001400DIY6;ALCAB;"Euronext Growth Paris";EUR;7,398;7,398;7,10;7,10;"21/02/2023 17:10";CET;443;3203,34
CAMBI;NO0010078850;CAMBI;"Euronext Growth Oslo";NOK;6,77;6,79;6,75;6,79;"21/02/2023 13:30";CET;2277;15440,59
"CANDELA INVEST";BE0974298300;CAND;"Euronext Growth Brussels";EUR;3,90;3,90;3,90;3,90;"17/02/2023 16:30";CET;30;117,00
"CANOPY HOLDINGS";NO0010781560;CAN;"Euronext Growth Oslo";NOK;0,42;0,43;0,42;0,43;"20/02/2023 09:26";CET;55000;23150,00
CAPELLI;FR0012969095;ALCAP;"Euronext Growth Paris";EUR;12,25;12,45;12,20;12,40;"21/02/2023 15:56";CET;176;2156,20
CARBIOS;FR0011648716;ALCRB;"Euronext Growth Paris";EUR;38,42;39,50;38,22;39,22;"21/02/2023 17:35";CET;21386;834061,90
CARMAT;FR0010907956;ALCAR;"Euronext Growth Paris";EUR;10,47;10,56;10,26;10,30;"21/02/2023 17:35";CET;24121;250128,68
"CATERING INTL SCES";FR0000064446;ALCIS;"Euronext Growth Paris";EUR;10,80;10,80;10,70;10,75;"21/02/2023 17:35";CET;3374;36272,15
CBI;FR0014007LW0;ALCBI;"Euronext Growth Paris";EUR;0,82;0,824;0,74;0,754;"21/02/2023 17:37";CET;40883;31157,23
"CBI BSA";FR001400D0X2;CBIBS;"Euronext Growth Paris";EUR;0,1119;0,1119;0,1119;0,1119;"13/02/2023 17:22";CET;61;6,83
CELLECTIS;FR0010425595;ALCLS;"Euronext Growth Paris";EUR;2,28;2,29;2,204;2,246;"21/02/2023 17:38";CET;68534;153392,82
"CERINNOV GROUP";FR0013178712;ALPCV;"Euronext Growth Paris";EUR;2,32;2,495;2,20;2,295;"21/02/2023 17:35";CET;115172;264805,38
CESAR;FR0013297165;ALCES;"Euronext Growth Paris";EUR;0,08;0,08;0,08;0,08;"21/02/2023 11:30";CET;346;27,68
"CHARWOOD ENERGY";FR001400AJ60;ALCWE;"Euronext Growth Paris";EUR;8,60;8,60;8,45;8,499;"21/02/2023 15:24";CET;379;3223,81
"CIBOX INTER A CTIV";FR0000054322;ALCIB;"Euronext Growth Paris";EUR;0,0402;0,041;0,0401;0,0409;"21/02/2023 17:29";CET;30835;1239,06
"CIRCA GROUP";NO0010917594;CIRCA;"Euronext Growth Oslo";NOK;6,40;6,40;6,06;6,37;"21/02/2023 14:09";CET;16212;102198,96
CLASQUIN;FR0004152882;ALCLA;"Euronext Growth Paris";EUR;57,60;58,20;57,60;57,80;"21/02/2023 15:24";CET;150;8666,40
"CLEAN SEAS SEAFOOD";AU000000CSS3;CSS;"Euronext Growth Oslo";NOK;3,41;3,41;3,41;3,41;"17/02/2023 15:57";CET;1365;4654,65
CO.BR.HA;BE0003519270;COBH;"Euronext Growth Brussels";EUR;2800,00;2800,00;2800,00;2800,00;"16/02/2023 11:30";CET;2;5600,00
"CO2 CAPSOL";NO0010923121;CAPSL;"Euronext Growth Oslo";NOK;13,48;13,48;13,40;13,46;"21/02/2023 15:29";CET;225;3020,22
COFIDUR;FR0013257409;ALCOF;"Euronext Growth Paris";EUR;320,00;320,00;314,00;314,00;"21/02/2023 15:58";CET;17;5434,00
COGELEC;FR0013335742;ALLEC;"Euronext Growth Paris";EUR;7,02;7,10;7,02;7,10;"21/02/2023 17:07";CET;51;361,66
COGRA;FR0011071570;ALCOG;"Euronext Growth Paris";EUR;13,00;13,10;12,85;12,90;"21/02/2023 17:36";CET;5028;65097,75
COIL;BE0160342011;ALCOI;"Euronext Growth Paris";EUR;6,96;6,96;6,62;6,74;"21/02/2023 17:35";CET;2514;16773,62
"COOL COMPANY";BMG2415A1137;COOL;"Euronext Growth Oslo";NOK;129,38;130,12;126,16;127,00;"21/02/2023 16:27";CET;448958;57911648,14
"CORRE ENERGY B.V.";NL0015000DY3;CORRE;"Euronext Growth Dublin";EUR;3,90;3,90;3,90;3,90;"21/02/2023 16:52";IST;3629;14153,10
CROSSJECT;FR0011716265;ALCJ;"Euronext Growth Paris";EUR;4,545;4,695;4,525;4,59;"21/02/2023 17:35";CET;176916;816601,52
"CSAM HEALTH GROUP";NO0010894512;CSAM;"Euronext Growth Oslo";NOK;36,80;36,80;36,00;36,50;"21/02/2023 16:19";CET;114871;4193478,80
CYBERGUN;FR0014004QR6;ALCYB;"Euronext Growth Paris";EUR;0,288;0,288;0,2334;0,2596;"21/02/2023 17:35";CET;2684783;714692,14
"CYBERGUN BSA K1";FR0013507977;CYBK1;"Euronext Growth Paris";EUR;0,0005;0,0015;0,0005;0,001;"21/02/2023 12:05";CET;670100;490,10
"CYBERGUN BSA K2A";FR0013507985;CYBKA;"Euronext Growth Paris";EUR;0,001;0,0015;0,001;0,001;"17/02/2023 16:31";CET;133935;134,44
"CYBERGUN BSA K2B";FR0013508009;CYBKB;"Euronext Growth Paris";EUR;0,0015;0,0015;0,0015;0,0015;"20/02/2023 09:00";CET;150000;225,00
CYVIZ;NO0010015175;CYVIZ;"Euronext Growth Oslo";NOK;37,40;37,60;36,00;37,60;"21/02/2023 14:16";CET;1686;62044,80
D.L.S.I.;FR0010404368;ALDLS;"Euronext Growth Paris";EUR;12,35;12,35;11,90;12,00;"21/02/2023 16:50";CET;1081;13060,95
DAMARTEX;FR0000185423;ALDAR;"Euronext Growth Paris";EUR;11,50;11,50;11,50;11,50;"21/02/2023 09:00";CET;1;11,50
"DATALEX PLC";IE0000527006;DLE;"Euronext Growth Dublin";EUR;0,562;0,58;0,554;0,58;"21/02/2023 21:00";IST;21496;11929,44
DBT;FR0013066750;ALDBT;"Euronext Growth Paris";EUR;0,0111;0,0114;0,0107;0,0108;"21/02/2023 17:35";CET;15818859;174229,48
"DEEP VALUE DRILLER";NO0010955917;DVD;"Euronext Growth Oslo";NOK;19,25;19,75;19,20;19,40;"21/02/2023 16:25";CET;483501;9411014,70
DEINOVE;FR0010879056;ALDEI;"Euronext Growth Paris";EUR;0,0239;0,0321;0,0231;0,0265;"10/01/2023 17:35";CET;13014939;366466,56
DELFINGEN;FR0000054132;ALDEL;"Euronext Growth Paris";EUR;52,60;52,60;52,20;52,20;"21/02/2023 16:31";CET;134;7028,00
"DELTA DRONE";FR0014009LP0;ALDR;"Euronext Growth Paris";EUR;0,0003;0,0004;0,0002;0,0002;"21/02/2023 17:36";CET;719823031;155118,67
"DELTA PLUS GROUP";FR0013283108;ALDLT;"Euronext Growth Paris";EUR;78,40;80,20;78,30;80,20;"21/02/2023 17:11";CET;408;32369,60
"DESERT CONTROL";NO0010963275;DSRT;"Euronext Growth Oslo";NOK;14,96;14,96;14,12;14,30;"21/02/2023 16:25";CET;77625;1130431,48
DEVERNOIS;FR0000060840;ALDEV;"Euronext Growth Paris";EUR;13,80;13,80;13,80;13,80;"20/02/2023 11:30";CET;15;207,00
"DIAGNOSTIC MEDICAL";FR0012202497;ALDMS;"Euronext Growth Paris";EUR;1,20;1,25;1,20;1,25;"21/02/2023 17:35";CET;834;1035,98
DNXCORP;FR0010436584;ALDNX;"Euronext Growth Paris";EUR;13,25;13,35;12,95;12,95;"21/02/2023 17:29";CET;390;5185,85
DOLFINES;FR0014004QZ9;ALDOL;"Euronext Growth Paris";EUR;0,0164;0,0164;0,01;0,0103;"21/02/2023 17:35";CET;38435380;487015,74
"DOLPHIN DRILLING";NO0012595950;DDRIL;"Euronext Growth Oslo";NOK;13,00;13,30;12,88;12,95;"21/02/2023 16:25";CET;214794;2793422,81
"DONEGAL INVESTMENT";IE000TIRQBE1;DQ7A;"Euronext Growth Dublin";EUR;20,00;20,00;20,00;20,00;"14/02/2023 19:34";IST;401;8020,00
DONTNOD;FR0013331212;ALDNE;"Euronext Growth Paris";EUR;10,00;10,05;9,72;9,82;"21/02/2023 17:35";CET;12350;122022,15
"DRONE VOLT";FR0013088606;ALDRV;"Euronext Growth Paris";EUR;0,0084;0,0092;0,0079;0,0089;"21/02/2023 17:35";CET;39085778;323992,04
"DRONE VOLT BS26";FR0014007951;BNBS;"Euronext Growth Paris";EUR;0,001;0,001;0,001;0,001;"20/02/2023 09:00";CET;1100;1,10
"E PANGO";FR0014004339;ALAGO;"Euronext Growth Paris";EUR;1,72;2,07;1,635;1,88;"21/02/2023 17:29";CET;118719;221839,48
"ECIT AS B-AKSJER";NO0010939804;ECIT;"Euronext Growth Oslo";NOK;7,02;7,10;7,00;7,00;"21/02/2023 16:25";CET;245838;1722616,88
ECOMIAM;FR0013534617;ALECO;"Euronext Growth Paris";EUR;7,22;7,30;6,98;7,20;"21/02/2023 15:06";CET;1850;13120,66
ECOSLOPS;FR0011490648;ALESA;"Euronext Growth Paris";EUR;7,70;7,70;7,50;7,70;"21/02/2023 17:29";CET;863;6575,32
EDILIZIACROBATICA;IT0005351504;ALEAC;"Euronext Growth Paris";EUR;16,48;16,50;16,22;16,50;"21/02/2023 15:14";CET;214;3487,38
EGIDE;FR0000072373;ALGID;"Euronext Growth Paris";EUR;0,941;1,12;0,929;1,01;"21/02/2023 17:35";CET;325862;330658,88
ELEKTROIMPORTØREN;NO0010911902;ELIMP;"Euronext Growth Oslo";NOK;45,10;46,40;45,00;46,40;"21/02/2023 13:12";CET;4550;206299,00
"EMOVA GROUP";FR0013356755;ALEMV;"Euronext Growth Paris";EUR;1,32;1,32;1,32;1,32;"21/02/2023 10:58";CET;176;232,32
"ENCRES DUBUIT";FR0004030708;ALDUB;"Euronext Growth Paris";EUR;3,77;3,82;3,77;3,77;"21/02/2023 17:29";CET;9444;35734,67
ENENSYS;FR0013330792;ALNN6;"Euronext Growth Paris";EUR;0,898;0,902;0,852;0,852;"21/02/2023 16:07";CET;6979;6186,21
ENERGEIA;NO0012697715;ENERG;"Euronext Growth Oslo";NOK;1,9998;1,9998;1,9998;1,9998;"21/02/2023 13:44";CET;100;199,98
ENERGISME;FR0013399359;ALNRG;"Euronext Growth Paris";EUR;0,297;0,302;0,292;0,295;"21/02/2023 17:29";CET;131761;39402,57
ENERTIME;FR0011915339;ALENE;"Euronext Growth Paris";EUR;1,474;1,50;1,45;1,498;"21/02/2023 17:03";CET;8162;11953,18
"ENGAGE XR HOLDINGS";IE00BG0HDR01;EXR;"Euronext Growth Dublin";EUR;0,0545;0,0545;0,05;0,05;"16/02/2023 13:42";IST;29400;1560,00
ENIBLOCK;FR001400C2Z4;ALENI;"Euronext Growth Paris";EUR;3,70;4,95;3,70;4,95;"20/02/2023 16:30";CET;462;2224,40
ENOGIA;FR0014004974;ALENO;"Euronext Growth Paris";EUR;3,69;3,69;3,54;3,56;"21/02/2023 17:35";CET;2953;10621,46
ENTECH;FR0014004362;ALESE;"Euronext Growth Paris";EUR;9,95;9,95;9,81;9,88;"21/02/2023 17:29";CET;6817;67425,25
ENTREPARTICULIERS;FR0010424697;ALENT;"Euronext Growth Paris";EUR;2,19;2,20;2,125;2,18;"21/02/2023 17:22";CET;2283;4936,12
ENTREPRENDRE;FR0000045122;ALENR;"Euronext Growth Paris";EUR;4,02;4,02;4,02;4,02;"21/02/2023 11:30";CET;72;289,44
"ENVIPCO HOLDING";NL0015000GX8;ENVIP;"Euronext Growth Oslo";NOK;35,50;37,00;35,30;37,00;"21/02/2023 14:37";CET;3453;122908,40
EO2;FR0010465534;ALEO2;"Euronext Growth Paris";EUR;5,58;5,58;5,40;5,40;"21/02/2023 17:29";CET;1092;5949,50
EROLD;FR0010211037;ALPLA;"Euronext Growth Paris";EUR;0,351;0,364;0,346;0,346;"21/02/2023 17:29";CET;12311;4313,00
ESKER;FR0000035818;ALESK;"Euronext Growth Paris";EUR;156,00;156,00;151,90;153,00;"21/02/2023 17:35";CET;8177;1256107,25
"EURASIA GROUPE";FR0010844001;ALEUA;"Euronext Growth Paris";EUR;3,44;3,44;3,44;3,44;"14/12/2022 09:00";CET;1;3,44
EUROBIO-SCIENTIFIC;FR0013240934;ALERS;"Euronext Growth Paris";EUR;17,65;17,94;17,65;17,90;"21/02/2023 17:35";CET;4194;74606,02
"EUROFINS CEREP";FR0013256518;ALECR;"Euronext Growth Paris";EUR;22200,00;22200,00;22200,00;22200,00;"28/09/2022 11:30";CET;1;22200,00
"EUROMEDIS GROUPE";FR0000075343;ALEMG;"Euronext Growth Paris";EUR;4,42;4,465;4,405;4,42;"21/02/2023 14:39";CET;1005;4450,26
EUROPACORP;FR0010490920;ALECP;"Euronext Growth Paris";EUR;0,538;0,544;0,534;0,538;"21/02/2023 17:35";CET;11591;6255,14
EUROPLASMA;FR001400CF13;ALEUP;"Euronext Growth Paris";EUR;1,97;1,9888;1,72;1,7798;"21/02/2023 17:35";CET;767254;1384698,63
EVERFUEL;DK0061414711;EFUEL;"Euronext Growth Oslo";NOK;43,00;43,00;41,80;42,70;"21/02/2023 15:41";CET;3138;132992,45
EVOLIS;FR0004166197;ALTVO;"Euronext Growth Paris";EUR;29,40;30,20;29,00;29,60;"20/02/2023 10:48";CET;554;16453,00
"EXACOMPTA CLAIREF.";FR0000064164;ALEXA;"Euronext Growth Paris";EUR;133,00;133,00;133,00;133,00;"21/02/2023 16:40";CET;2095;278635,00
"EXACT THERAPEUTICS";NO0010852213;EXTX;"Euronext Growth Oslo";NOK;11,50;13,00;11,50;13,00;"14/02/2023 13:07";CET;871;10068,00
FACEPHI;ES0105029005;ALPHI;"Euronext Growth Paris";EUR;3,10;3,10;3,10;3,10;"21/02/2023 09:00";CET;1;3,10
"FASHION B AIR";FR0004034593;ALFBA;"Euronext Growth Paris";EUR;0,30;0,32;0,30;0,32;"10/02/2023 10:33";CET;1346;423,49
"FD TECHNOLOGIES";GB0031477770;GYQ;"Euronext Growth Dublin";EUR;16,10;16,20;16,10;16,20;"02/02/2023 13:09";IST;67;1083,70
"FILL UP MEDIA";FR001400AEM6;ALFUM;"Euronext Growth Paris";EUR;5,72;5,76;5,72;5,76;"21/02/2023 15:39";CET;82;469,84
"FLEURY MICHON";FR0000074759;ALFLE;"Euronext Growth Paris";EUR;17,80;17,80;17,65;17,80;"21/02/2023 16:46";CET;279;4960,60
FOCUSENTERTAINMENT;FR0012419307;ALFOC;"Euronext Growth Paris";EUR;52,00;52,00;50,00;50,10;"21/02/2023 17:35";CET;967;48986,30
"FOUNTAINE PAJOT";FR0010485268;ALFPC;"Euronext Growth Paris";EUR;125,00;126,80;125,00;126,00;"21/02/2023 17:35";CET;1221;153944,60
FREELANCE.COM;FR0004187367;ALFRE;"Euronext Growth Paris";EUR;6,70;6,78;6,11;6,46;"21/02/2023 17:35";CET;25888;165781,62
GASCOGNE;FR0000124414;ALBI;"Euronext Growth Paris";EUR;4,34;4,34;4,22;4,22;"21/02/2023 17:29";CET;696;2948,79
GAUSSIN;FR0013495298;ALGAU;"Euronext Growth Paris";EUR;2,82;2,85;2,34;2,554;"21/02/2023 17:35";CET;389474;1004094,89
"GECI INTL";FR0000079634;ALGEC;"Euronext Growth Paris";EUR;0,0011;0,0012;0,0011;0,0012;"21/02/2023 17:35";CET;2713910;2995,45
GENOWAY;FR0004053510;ALGEN;"Euronext Growth Paris";EUR;3,97;4,00;3,92;3,92;"21/02/2023 17:35";CET;2208;8767,99
GEVELOT;FR0000033888;ALGEV;"Euronext Growth Paris";EUR;200,00;200,00;195,00;195,00;"21/02/2023 16:30";CET;156;31195,00
"GIGANTE SALMON";NO0011013765;GIGA;"Euronext Growth Oslo";NOK;8,50;8,78;8,40;8,42;"21/02/2023 16:19";CET;149167;1270265,60
"GLOBAL BIOENERGIES";FR0011052257;ALGBE;"Euronext Growth Paris";EUR;2,90;2,90;2,825;2,85;"21/02/2023 17:35";CET;57201;164650,16
"GOLD BY GOLD";FR0011208693;ALGLD;"Euronext Growth Paris";EUR;1,55;1,55;1,55;1,55;"21/02/2023 11:30";CET;100;155,00
"GOLDEN ENERGY OFF";NO0010813843;GEOS;"Euronext Growth Oslo";NOK;1,615;1,615;1,465;1,49;"21/02/2023 16:28";CET;1154047;1743600,05
"GPE PAROT (AUTO)";FR0013204070;ALPAR;"Euronext Growth Paris";EUR;2,19;2,20;2,01;2,15;"17/02/2023 13:50";CET;273;578,30
"GREAT WESTERN MIN.";IE00B1FR8863;8GW;"Euronext Growth Dublin";EUR;0,0015;0,0015;0,0015;0,0015;"17/02/2023 14:32";IST;58000;87,00
"GREEN MINERALS";NO0010907744;GEM;"Euronext Growth Oslo";NOK;3,96;4,18;3,69;3,88;"21/02/2023 16:25";CET;129139;496927,27
"GREENCOAT REN.";IE00BF2NR112;GRP;"Euronext Growth Dublin";EUR;1,13;1,13;1,115;1,115;"21/02/2023 21:00";IST;1641932;1849811,87
GROLLEAU;FR0014005ZM5;ALGRO;"Euronext Growth Paris";EUR;6,86;6,90;6,64;6,90;"21/02/2023 10:46";CET;530;3612,34
"GRONG SPAREBANK";NO0010636491;GRONG;"Euronext Growth Oslo";NOK;157,00;157,00;155,00;157,00;"21/02/2023 15:33";CET;189;29545,00
"GROUPE BERKEM";FR00140069V2;ALKEM;"Euronext Growth Paris";EUR;6,69;6,73;6,37;6,37;"21/02/2023 17:35";CET;5951;39094,64
"GROUPE GUILLIN";FR0012819381;ALGIL;"Euronext Growth Paris";EUR;23,75;23,90;21,50;23,90;"21/02/2023 17:35";CET;6354;145485,50
"GROUPE LDLC";FR0000075442;ALLDL;"Euronext Growth Paris";EUR;21,50;21,55;20,75;21,00;"21/02/2023 17:35";CET;11125;235285,20
"GROUPE OKWIND";FR0013439627;ALOKW;"Euronext Growth Paris";EUR;18,30;18,45;18,00;18,05;"21/02/2023 17:35";CET;3053;55456,48
"GROUPE TERA";FR0013429404;ALGTR;"Euronext Growth Paris";EUR;6,45;6,45;6,15;6,20;"21/02/2023 17:06";CET;673;4278,55
GROUPIMO;FR0014000RP6;ALIMO;"Euronext Growth Paris";EUR;1,60;1,60;1,60;1,60;"17/02/2023 11:30";CET;9;14,40
"H2O INNOVATION INC";CA4433003064;ALHEO;"Euronext Growth Paris";EUR;1,94;1,94;1,94;1,94;"21/02/2023 11:30";CET;100;194,00
"HAFFNER ENERGY";FR0014007ND6;ALHAF;"Euronext Growth Paris";EUR;2,48;2,51;2,48;2,51;"21/02/2023 17:35";CET;5679;14153,84
"HAMILTON GLOBAL OP";GB00BMDXQ672;ALHGO;"Euronext Growth Paris";EUR;48,20;48,20;48,20;48,20;"21/02/2023 09:00";CET;1;48,20
HARMONYCHAIN;NO0010921299;HMONY;"Euronext Growth Oslo";NOK;0,58;0,619;0,58;0,602;"21/02/2023 16:18";CET;202549;122104,73
"HAV GROUP";NO0010931918;HAV;"Euronext Growth Oslo";NOK;10,80;10,80;10,50;10,62;"21/02/2023 16:05";CET;37014;395605,80
"HAVILA KYSTRUTEN";NO0011045429;HKY;"Euronext Growth Oslo";NOK;10,80;10,80;10,45;10,70;"21/02/2023 16:25";CET;108813;1114897,35
"HEALTHBEACON SHA";IE00014QAJZ5;HBCN;"Euronext Growth Dublin";EUR;1,14;1,15;1,11;1,15;"21/02/2023 20:56";IST;10476;12010,27
HERIGE;FR0000066540;ALHRG;"Euronext Growth Paris";EUR;36,40;36,80;35,90;35,90;"21/02/2023 17:35";CET;2832;102321,00
"HEXAGON PURUS";NO0010904923;HPUR;"Euronext Growth Oslo";NOK;28,38;28,76;27,12;28,00;"21/02/2023 16:25";CET;52182;1481479,76
HEXAOM;FR0004159473;ALHEX;"Euronext Growth Paris";EUR;18,90;19,20;18,75;19,20;"21/02/2023 17:28";CET;7316;138854,05
"HF COMPANY";FR0000038531;ALHF;"Euronext Growth Paris";EUR;5,68;5,88;5,68;5,78;"21/02/2023 16:35";CET;2361;13654,52
"HIPAY GROUP";FR0012821916;ALHYP;"Euronext Growth Paris";EUR;5,15;5,16;4,90;5,08;"21/02/2023 16:10";CET;1908;9690,11
HITECHPROS;FR0010396309;ALHIT;"Euronext Growth Paris";EUR;14,70;14,70;14,70;14,70;"21/02/2023 11:30";CET;3;44,10
HOFFMANN;FR0013451044;ALHGR;"Euronext Growth Paris";EUR;10,10;10,20;10,00;10,02;"21/02/2023 17:35";CET;2598;26152,56
HOPIUM;FR0014000U63;ALHPI;"Euronext Growth Paris";EUR;4,555;4,72;4,485;4,555;"21/02/2023 17:35";CET;10945;50356,65
"HOPSCOTCH GROUPE";FR0000065278;ALHOP;"Euronext Growth Paris";EUR;20,60;21,00;20,60;21,00;"21/02/2023 16:50";CET;523;10874,90
"HORISONT ENERGI";NO0010917339;HRGI;"Euronext Growth Oslo";NOK;11,46;11,90;11,22;11,90;"21/02/2023 16:25";CET;62596;727421,34
"HUDDLESTOCK FINTEC";NO0010859648;HUDL;"Euronext Growth Oslo";NOK;2,45;2,49;2,41;2,41;"21/02/2023 16:25";CET;67788;164721,84
HUDDLY;NO0010776990;HDLY;"Euronext Growth Oslo";NOK;2,46;2,46;2,30;2,345;"21/02/2023 15:02";CET;135458;314859,46
HUNYVERS;FR0014007LQ2;ALHUN;"Euronext Growth Paris";EUR;14,85;14,95;14,75;14,80;"21/02/2023 17:16";CET;1069;15908,35
"HVIVO PLC";GB00B9275X97;HVO;"Euronext Growth Dublin";EUR;0,23;0,23;0,23;0,23;"13/02/2023 16:43";IST;535;123,05
HYBRIGENICS;FR0004153930;ALHYG;"Euronext Growth Paris";EUR;0,0758;0,0758;0,0724;0,0738;"21/02/2023 17:35";CET;657731;48816,68
"HYDROGEN REFUELING";FR0014001PM5;ALHRS;"Euronext Growth Paris";EUR;24,04;24,04;23,50;23,90;"21/02/2023 17:35";CET;8171;194097,78
HYNION;NO0010920945;HYN;"Euronext Growth Oslo";NOK;0,4895;0,4925;0,45;0,479;"21/02/2023 16:25";CET;442645;209756,54
"HYNION WR";NO0012781873;HYNS;"Euronext Growth Oslo";NOK;0,085;0,085;0,085;0,085;"21/02/2023 09:00";CET;500;42,50
HYON;NO0011204158;HYON;"Euronext Growth Oslo";NOK;0,60;0,60;0,60;0,60;"21/02/2023 12:53";CET;6000;3600,00
I.CERAM;FR0014005IU4;ALICR;"Euronext Growth Paris";EUR;10,10;10,10;10,10;10,10;"21/02/2023 09:26";CET;10;101,00
I2S;FR0005854700;ALI2S;"Euronext Growth Paris";EUR;6,15;6,15;6,15;6,15;"14/02/2023 11:30";CET;20;123,00
"ICAPE HOLDING";FR001400A3Q3;ALICA;"Euronext Growth Paris";EUR;16,90;16,95;16,90;16,90;"21/02/2023 16:21";CET;110;1861,30
"ICE FISH FARM";NO0010884794;IFISH;"Euronext Growth Oslo";NOK;25,50;25,90;24,50;25,90;"21/02/2023 16:05";CET;855;21582,50
"ICELANDIC SALMON";NO0010724701;ISLAX;"Euronext Growth Oslo";NOK;154,00;154,00;150,00;150,00;"21/02/2023 16:25";CET;27544;4199452,00
IDSUD;FR0000062184;ALIDS;"Euronext Growth Paris";EUR;145,50;145,50;145,50;145,50;"20/02/2023 15:10";CET;5;727,50
IKONISYS;FR00140048X2;ALIKO;"Euronext Growth Paris";EUR;1,85;1,85;1,85;1,85;"21/02/2023 10:22";CET;15;27,75
ILBE;IT0005380602;ALIE;"Euronext Growth Paris";EUR;1,25;1,25;1,25;1,25;"21/02/2023 17:02";CET;17;21,25
IMMERSION;FR0013060100;ALIMR;"Euronext Growth Paris";EUR;3,90;3,90;3,90;3,90;"20/02/2023 16:41";CET;60;234,00
"IMMO BLOCKCHAIN";FR0013266772;ALIMB;"Euronext Growth Paris";EUR;1,31;1,41;1,12;1,34;"21/02/2023 17:35";CET;57419;72800,12
IMPLANET;FR0013470168;ALIMP;"Euronext Growth Paris";EUR;0,185;0,205;0,185;0,191;"21/02/2023 17:28";CET;898113;174992,09
"IMPLANET BS 2023";FR001400COS8;IMPBS;"Euronext Growth Paris";EUR;0,018;0,018;0,018;0,018;"21/02/2023 09:00";CET;500;9,00
INDUCT;NO0010536048;INDCT;"Euronext Growth Oslo";NOK;5,00;5,22;4,99;5,22;"21/02/2023 10:31";CET;11000;55196,53
"INIFY LABORATORIES";SE0017486103;INIFY;"Euronext Growth Oslo";NOK;7,95;8,00;7,95;7,95;"21/02/2023 16:04";CET;5726;45523,45
"ININ GROUP";NO0010864036;ININ;"Euronext Growth Oslo";NOK;2,00;2,29;1,99;2,195;"21/02/2023 16:25";CET;1243480;2722431,04
"INNELEC MULTIMEDIA";FR0000064297;ALINN;"Euronext Growth Paris";EUR;5,58;5,60;5,36;5,44;"21/02/2023 17:29";CET;2037;11077,00
INSTABANK;NO0010762792;INSTA;"Euronext Growth Oslo";NOK;1,78;1,80;1,755;1,78;"21/02/2023 16:25";CET;639974;1150507,45
INSTALLUX;FR0000060451;ALLUX;"Euronext Growth Paris";EUR;340,00;340,00;340,00;340,00;"21/02/2023 11:30";CET;5;1700,00
INTEGRAGEN;FR0010908723;ALINT;"Euronext Growth Paris";EUR;1,305;1,305;1,30;1,30;"21/02/2023 17:35";CET;301;391,31
"INTEGRATED WIND SO";NO0010955883;IWS;"Euronext Growth Oslo";NOK;33,00;33,00;33,00;33,00;"21/02/2023 12:59";CET;40;1320,00
INTRASENSE;FR0011179886;ALINS;"Euronext Growth Paris";EUR;0,4385;0,4385;0,4355;0,437;"21/02/2023 17:35";CET;10969;4779,71
"INVIBES ADVERTSING";BE0974299316;ALINV;"Euronext Growth Paris";EUR;6,44;6,46;6,36;6,46;"21/02/2023 15:59";CET;245;1564,88
ISPD;ES0109429037;ALISP;"Euronext Growth Paris";EUR;3,86;3,88;3,80;3,80;"21/02/2023 09:34";CET;397;1527,96
"IT LINK";FR0000072597;ALITL;"Euronext Growth Paris";EUR;25,40;25,40;25,10;25,10;"21/02/2023 16:22";CET;479;12094,30
KALRAY;FR0010722819;ALKAL;"Euronext Growth Paris";EUR;18,86;18,88;18,42;18,80;"21/02/2023 17:35";CET;7092;132434,44
KERLINK;FR0013156007;ALKLK;"Euronext Growth Paris";EUR;0,929;0,939;0,915;0,939;"21/02/2023 16:24";CET;6901;6385,30
KEYRUS;FR0004029411;ALKEY;"Euronext Growth Paris";EUR;4,61;4,63;4,61;4,63;"21/02/2023 16:13";CET;401;1855,61
"KKO INTERNATIONAL";FR0013374667;ALKKO;"Euronext Growth Paris";EUR;0,1375;0,1375;0,133;0,133;"21/02/2023 13:22";CET;50719;6910,91
KLARSEN;FR0011038348;ALKLA;"Euronext Growth Paris";EUR;1,752;1,78;1,656;1,724;"21/02/2023 17:35";CET;18719;31759,83
KLIMVEST;GB00B19RTX44;ALSIM;"Euronext Growth Paris";EUR;0,484;0,484;0,484;0,484;"28/12/2021 11:30";CET;10785;5219,94
KOMPUESTOS;ES0105425005;ALKOM;"Euronext Growth Paris";EUR;1,01;1,01;1,01;1,01;"20/02/2023 09:00";CET;8;8,08
"KRAFT BANK";NO0010815103;KRAB;"Euronext Growth Oslo";NOK;8,45;8,45;8,45;8,45;"21/02/2023 16:14";CET;600;5070,00
"KUMULUS VAPE";FR0013419876;ALVAP;"Euronext Growth Paris";EUR;10,25;10,30;10,15;10,30;"21/02/2023 14:53";CET;1516;15513,65
KUMULUSBSA2020;FR0014001KF0;VAPBS;"Euronext Growth Paris";EUR;-;-;-;-;-;CET;-;-
"KYOTO GROUP";NO0010936750;KYOTO;"Euronext Growth Oslo";NOK;17,90;17,90;17,45;17,80;"21/02/2023 14:35";CET;17717;311650,50
"LA PERLA FASHION";NL0012191662;ALPER;"Euronext Growth Paris";EUR;7,05;7,05;7,05;7,05;"21/02/2023 09:00";CET;1;7,05
LANSON-BCC;FR0004027068;ALLAN;"Euronext Growth Paris";EUR;32,50;32,50;32,20;32,20;"21/02/2023 17:26";CET;193;6260,60
LARGO;FR0013308582;ALLGO;"Euronext Growth Paris";EUR;1,86;1,88;1,844;1,846;"21/02/2023 17:35";CET;713;1322,01
"LEA BANK";NO0010167331;LEA;"Euronext Growth Oslo";NOK;9,50;9,80;9,30;9,70;"21/02/2023 16:25";CET;11363;107179,50
LEBON;FR0000121295;ALBON;"Euronext Growth Paris";EUR;97,00;98,00;95,40;98,00;"21/02/2023 17:29";CET;171;16611,00
LEPERMISLIBRE;FR001400F2Z1;ALLPL;"Euronext Growth Paris";EUR;3,7895;3,7895;3,71;3,7105;"21/02/2023 16:53";CET;4176;15710,44
"LES HOTELS BAVEREZ";FR0007080254;ALLHB;"Euronext Growth Paris";EUR;57,50;57,50;57,50;57,50;"21/02/2023 11:30";CET;88;5060,00
"LEXIBOOK LINGUIST.";FR0000033599;ALLEX;"Euronext Growth Paris";EUR;2,54;2,58;2,47;2,54;"21/02/2023 17:01";CET;8625;21622,06
LIFECARE;NO0010591191;LIFE;"Euronext Growth Oslo";NOK;2,735;2,735;2,495;2,545;"21/02/2023 16:25";CET;163994;412175,84
"LLAMA GROUP";BE0974334667;ALLAM;"Euronext Growth Paris, Brussels";EUR;1,685;2,09;1,63;2,09;"21/02/2023 17:37";CET;626033;1163859,45
LLEIDA;ES0105089009;ALLLN;"Euronext Growth Paris";EUR;2,55;2,55;2,55;2,55;"21/02/2023 09:00";CET;1;2,55
"LOGIC INSTRUMENT";FR0000044943;ALLOG;"Euronext Growth Paris";EUR;0,335;0,335;0,311;0,332;"21/02/2023 16:36";CET;6122;1914,19
LUCIBEL;FR0011884378;ALUCI;"Euronext Growth Paris";EUR;0,96;0,96;0,914;0,934;"21/02/2023 17:35";CET;28032;25984,93
"LUMI GRUPPEN";NO0010927288;LUMI;"Euronext Growth Oslo";NOK;11,60;11,70;11,55;11,55;"21/02/2023 16:25";CET;603611;7016915,65
"LYTIX BIOPHARMA";NO0010405780;LYTIX;"Euronext Growth Oslo";NOK;7,60;8,00;7,34;7,52;"21/02/2023 12:45";CET;9109;69859,76
"M VEST WATER";NO0010976343;MVW;"Euronext Growth Oslo";NOK;9,41;9,50;9,25;9,48;"21/02/2023 16:02";CET;12443;117881,43
M2I;FR0013270626;ALMII;"Euronext Growth Paris";EUR;3,99;4,00;3,92;3,92;"21/02/2023 12:26";CET;696;2738,39
"MAKHEIA GROUP";FR0000072993;ALMAK;"Euronext Growth Paris";EUR;0,114;0,1144;0,11;0,11;"21/02/2023 16:49";CET;49224;5464,53
"MAKING SCIENCE";ES0105463006;ALMKS;"Euronext Growth Paris";EUR;12,75;12,75;12,75;12,75;"21/02/2023 11:30";CET;110;1402,50
"MALIN CORP. PLC";IE00BVGC3741;MLC;"Euronext Growth Dublin";EUR;7,76;7,96;7,76;7,96;"21/02/2023 21:00";IST;10889;84704,80
"MARE NOSTRUM";FR0013400835;ALMAR;"Euronext Growth Paris";EUR;2,47;2,47;2,44;2,44;"21/02/2023 15:55";CET;243;592,95
MASTRAD;FR0004155687;ALMAS;"Euronext Growth Paris";EUR;0,0624;0,0738;0,0624;0,07;"21/02/2023 16:59";CET;103026;7094,17
"MASTRAD BS29";FR0013472446;MASBS;"Euronext Growth Paris";EUR;-;-;-;-;-;CET;-;-
"MEDESIS PHARMA";FR0010844464;ALMDP;"Euronext Growth Paris";EUR;2,95;2,95;2,94;2,945;"21/02/2023 16:36";CET;155;455,98
"MEDIA MAKER";IT0005380438;ALKER;"Euronext Growth Paris";EUR;1,05;1,05;1,05;1,05;"13/12/2022 11:30";CET;1;1,05
MEDIANTECHNOLOGIES;FR0011049824;ALMDT;"Euronext Growth Paris";EUR;7,28;7,33;7,18;7,30;"21/02/2023 17:29";CET;7728;56185,87
METADVERTISE;FR0010812230;ALMTA;"Euronext Growth Paris";EUR;0,535;0,576;0,535;0,576;"21/02/2023 16:06";CET;29068;16213,04
METAVISIO;FR00140066X4;ALTHO;"Euronext Growth Paris";EUR;2,46;2,52;2,40;2,52;"21/02/2023 17:35";CET;11268;27307,72
METHANOR;FR0011217710;ALMET;"Euronext Growth Paris";EUR;3,90;3,90;3,82;3,82;"21/02/2023 16:32";CET;532;2073,71
MEXEDIA;IT0005450819;ALMEX;"Euronext Growth Paris";EUR;34,80;35,80;34,80;35,80;"20/02/2023 12:52";CET;17;601,60
"MG INTERNATIONAL";FR0010204453;ALMGI;"Euronext Growth Paris";EUR;7,64;7,64;7,46;7,46;"21/02/2023 17:08";CET;443;3321,16
"MGI DIGITAL GRAPHI";FR0010353888;ALMDG;"Euronext Growth Paris";EUR;32,00;32,00;28,85;30,55;"21/02/2023 17:35";CET;8964;273010,05
MICROPOLE;FR0000077570;ALMIC;"Euronext Growth Paris";EUR;1,124;1,142;1,124;1,142;"21/02/2023 17:25";CET;8641;9806,57
MILIBOO;FR0013053535;ALMLB;"Euronext Growth Paris";EUR;2,605;2,605;2,57;2,57;"21/02/2023 09:08";CET;151;388,11
"MINCON GROUP PLC";IE00BD64C665;MIO;"Euronext Growth Dublin";EUR;1,14;1,14;1,14;1,14;"20/02/2023 20:57";IST;5340;5887,60
MINT;FR0004172450;ALBUD;"Euronext Growth Paris";EUR;3,16;3,25;3,025;3,25;"21/02/2023 17:35";CET;6205;19328,17
"MINTRA HOLDING";NO0010895022;MNTR;"Euronext Growth Oslo";NOK;5,24;5,24;5,00;5,24;"21/02/2023 16:25";CET;63806;326572,68
MND;FR00140050Q2;ALMND;"Euronext Growth Paris";EUR;1,806;1,806;1,77;1,77;"21/02/2023 14:02";CET;2296;4130,69
MOULINVEST;FR0011033083;ALMOU;"Euronext Growth Paris";EUR;30,00;30,05;29,45;29,90;"21/02/2023 17:35";CET;2561;76333,30
"MPC ENERGY SOLUTIO";NL0015268814;MPCES;"Euronext Growth Oslo";NOK;15,64;15,64;15,40;15,40;"21/02/2023 16:25";CET;864;13368,40
"MR BRICOLAGE";FR0004034320;ALMRB;"Euronext Growth Paris";EUR;8,00;8,20;8,00;8,16;"21/02/2023 17:35";CET;5832;47210,16
MUNIC;FR0013462231;ALMUN;"Euronext Growth Paris";EUR;3,30;3,30;3,20;3,29;"21/02/2023 17:35";CET;14147;46067,17
MÅSØVAL;NO0010974983;MAS;"Euronext Growth Oslo";NOK;31,80;31,80;30,00;31,00;"21/02/2023 15:33";CET;34319;1076508,90
NAMR;FR0014003J32;ALNMR;"Euronext Growth Paris";EUR;2,49;2,49;2,40;2,40;"21/02/2023 12:54";CET;1384;3339,65
NEOLIFE;FR0011636083;ALNLF;"Euronext Growth Paris";EUR;0,0669;0,0669;0,0625;0,0649;"21/02/2023 17:27";CET;152969;9713,52
NEOVACS;FR00140077X1;ALNEV;"Euronext Growth Paris";EUR;0,001;0,001;0,0009;0,0009;"21/02/2023 17:35";CET;5217486;5073,38
NETGEM;FR0004154060;ALNTG;"Euronext Growth Paris";EUR;1,235;1,235;1,23;1,23;"21/02/2023 17:07";CET;1320;1629,75
NEXPONOR-SICAFI;PTNEX0AM0002;ALNOR;"Euronext Growth Lisbon";EUR;0,402;0,402;0,402;0,402;"17/02/2023 16:30";BST;420;168,84
NEXTEDIA;FR0004171346;ALNXT;"Euronext Growth Paris";EUR;0,774;0,804;0,77;0,798;"21/02/2023 17:35";CET;24109;18786,28
"NFL BIOSCIENCES";FR0014003XT0;ALNFL;"Euronext Growth Paris";EUR;3,46;3,47;3,25;3,30;"21/02/2023 17:37";CET;193931;655870,40
NFTY;FR0010457531;ALNFT;"Euronext Growth Paris";EUR;0,0005;0,0005;0,0004;0,0005;"08/11/2022 11:51";CET;5849000;2613,90
"NIDAROS SPAREBANK";NO0010733082;NISB;"Euronext Growth Oslo";NOK;112,00;112,00;112,00;112,00;"21/02/2023 10:19";CET;10;1120,00
"NORAM DRILLING";NO0010360019;NORAM;"Euronext Growth Oslo";NOK;62,00;62,65;60,50;60,50;"21/02/2023 16:28";CET;65018;3970503,82
NORCOD;NO0010892912;NCOD;"Euronext Growth Oslo";NOK;46,40;46,70;42,90;44,50;"21/02/2023 16:19";CET;7189;326127,70
"NORDHEALTH A-AKSJE";NO0011002651;NORDH;"Euronext Growth Oslo";NOK;20,30;20,30;20,30;20,30;"21/02/2023 10:22";CET;5;101,50
"NORDIC AQUA PART";DK0061414638;NOAP;"Euronext Growth Oslo";NOK;63,40;64,00;63,40;63,80;"21/02/2023 15:59";CET;846;53802,40
"NORDIC HALIBUT";NO0003058109;NOHAL;"Euronext Growth Oslo";NOK;25,80;26,40;25,80;26,40;"21/02/2023 15:53";CET;2200;57473,20
"NORDIC TECHNOLOGY";NO0011018434;NTG;"Euronext Growth Oslo";NOK;6,00;6,69;5,102;5,102;"21/02/2023 16:05";CET;111399;723801,05
"NORDIC UNMANNED";NO0010907090;NUMND;"Euronext Growth Oslo";NOK;6,00;6,02;5,94;6,02;"21/02/2023 16:25";CET;62567;375405,58
"NORSE ATLANTIC";NO0010946445;NORSE;"Euronext Growth Oslo";NOK;4,33;4,33;4,12;4,205;"21/02/2023 16:25";CET;904489;3831803,22
"NORSK SOLAR";NO0010941925;NSOL;"Euronext Growth Oslo";NOK;3,45;3,45;3,45;3,45;"21/02/2023 09:29";CET;1;3,45
"NORSK TITANIUM";NO0010969108;NTI;"Euronext Growth Oslo";NOK;5,10;5,10;4,86;5,06;"21/02/2023 16:17";CET;108664;548285,35
NORTEL;NO0010900087;NTEL;"Euronext Growth Oslo";NOK;24,00;29,00;24,00;29,00;"21/02/2023 16:25";CET;2324;58735,00
"NORWEGIAN BLOCK EX";NO0010984966;NBX;"Euronext Growth Oslo";NOK;1,50;1,55;1,42;1,52;"21/02/2023 15:48";CET;100769;153541,51
NOVACYT;FR0010397232;ALNOV;"Euronext Growth Paris";EUR;0,7036;0,7096;0,6812;0,701;"21/02/2023 17:35";CET;297788;207064,00
"NSC GROUPE";FR0000064529;ALNSC;"Euronext Growth Paris";EUR;54,00;54,00;54,00;54,00;"16/02/2023 16:30";CET;2;108,00
NSE;FR0004065639;ALNSE;"Euronext Growth Paris";EUR;26,20;26,20;25,40;26,00;"21/02/2023 17:08";CET;702;18228,70
OBER;FR0010330613;ALOBR;"Euronext Growth Paris";EUR;8,50;8,50;8,50;8,50;"21/02/2023 16:30";CET;699;5941,50
OBIZ;FR0014003711;ALBIZ;"Euronext Growth Paris";EUR;6,84;7,16;6,68;6,68;"21/02/2023 17:21";CET;6824;47501,40
"OCEAN GEOLOOP";NO0010914641;OCEAN;"Euronext Growth Oslo";NOK;20,495;20,50;20,495;20,50;"21/02/2023 14:52";CET;4800;98382,37
"OCEAN SUN";NO0010887565;OSUN;"Euronext Growth Oslo";NOK;6,81;6,90;6,81;6,83;"21/02/2023 16:09";CET;26595;181884,18
"OMER-DECUGIS & CIE";FR0014003T71;ALODC;"Euronext Growth Paris";EUR;4,90;4,92;4,90;4,91;"21/02/2023 17:28";CET;282;1385,05
"ONCODESIGN PM";FR001400CM63;ALOPM;"Euronext Growth Paris";EUR;1,40;1,45;1,36;1,38;"21/02/2023 16:26";CET;6086;8598,23
ONXEO;FR0010095596;ALONX;"Euronext Growth Paris";EUR;0,384;0,3985;0,384;0,3865;"21/02/2023 17:35";CET;106381;41237,63
ORDISSIMO;FR0013318052;ALORD;"Euronext Growth Paris";EUR;1,59;1,595;1,50;1,50;"21/02/2023 17:08";CET;506;800,85
"ORIGIN ENT. PLC";IE00B1WV4493;OIZ;"Euronext Growth Dublin";EUR;4,305;4,40;4,235;4,285;"21/02/2023 21:00";IST;85201;368236,34
"ORMONDE MINING PLC";IE00BF0MZF04;ORQ1;"Euronext Growth Dublin";EUR;0,0075;0,0075;0,007;0,007;"06/02/2023 19:18";IST;7900;55,80
OSMOZIS;FR0013231180;ALOSM;"Euronext Growth Paris";EUR;11,50;11,70;11,50;11,70;"21/02/2023 17:35";CET;872;10029,90
"OVOCA BIO PLC";IE00B4XVDC01;OVXA;"Euronext Growth Dublin";EUR;0,0705;0,0705;0,0695;0,07;"21/02/2023 13:54";IST;33859;2369,98
"PATIENTSKY GROUP";NO0010895667;PSKY;"Euronext Growth Oslo";NOK;1,272;1,272;1,12;1,218;"21/02/2023 16:25";CET;118496;140946,15
PATRIS;PTPRS0AM0017;ALPTR;"Euronext Growth Lisbon";EUR;1,95242;1,95242;1,95242;1,95242;"20/05/2019 15:30";BST;460;900,00
"PAULIC MEUNERIE";FR0013479730;ALPAU;"Euronext Growth Paris";EUR;2,825;2,825;2,75;2,75;"21/02/2023 17:26";CET;7823;21928,78
"PETRONEFT RES.";IE00B0Q82B24;P8ET;"Euronext Growth Dublin";EUR;0,006;0,006;0,006;0,006;"24/01/2023 12:31";IST;5000;30,00
PHARMASIMPLE;BE0974429624;ALPHS;"Euronext Growth Paris";EUR;0,67;0,7189;0,60;0,6199;"21/02/2023 17:35";CET;125163;80503,62
PHARNEXT;FR001400BV89;ALPHA;"Euronext Growth Paris";EUR;0,001;0,0011;0,0009;0,0011;"21/02/2023 17:27";CET;19624687;20100,74
"PHERECYDES PHARMA";FR0011651694;ALPHE;"Euronext Growth Paris";EUR;2,55;2,72;2,49;2,65;"21/02/2023 17:35";CET;11848;30987,56
"PISCINES DESJOYAUX";FR0000061608;ALPDX;"Euronext Growth Paris";EUR;15,70;15,72;15,20;15,40;"21/02/2023 16:41";CET;6904;106895,22
"PIXIUM VISION";FR0011950641;ALPIX;"Euronext Growth Paris";EUR;0,064;0,0644;0,063;0,063;"21/02/2023 17:35";CET;202411;12911,85
"PLANT ADVANCED";FR0010785790;ALPAT;"Euronext Growth Paris";EUR;12,65;12,65;12,65;12,65;"21/02/2023 09:00";CET;1;12,65
"PLANT ADVANCED BS";FR0011844067;PATBS;"Euronext Growth Paris";EUR;0,02;0,02;0,02;0,02;"03/01/2023 16:25";CET;970;19,40
POUJOULAT;FR0000066441;ALPJT;"Euronext Growth Paris";EUR;29,00;30,00;29,00;29,80;"21/02/2023 17:35";CET;1447;42815,40
POULAILLON;FR0013015583;ALPOU;"Euronext Growth Paris";EUR;4,58;4,64;4,57;4,57;"21/02/2023 17:29";CET;120;548,72
PREDILIFE;FR0010169920;ALPRE;"Euronext Growth Paris";EUR;5,64;5,72;5,64;5,72;"21/02/2023 15:35";CET;210;1184,48
"PRISMAFLEX INTL";FR0004044600;ALPRI;"Euronext Growth Paris";EUR;6,68;6,68;6,40;6,68;"21/02/2023 17:35";CET;104;688,60
PRODWARE;FR0010313486;ALPRO;"Euronext Growth Paris";EUR;7,64;7,64;7,64;7,64;"21/02/2023 10:40";CET;39;297,96
PROLOGUE;FR0010380626;ALPRG;"Euronext Growth Paris";EUR;0,248;0,25;0,241;0,25;"21/02/2023 17:27";CET;69937;17326,90
"PROLOGUE BSA";FR0013398617;PROBT;"Euronext Growth Paris";EUR;0,0045;0,0045;0,0045;0,0045;"21/02/2023 17:17";CET;14500;65,25
"PROXIMAR SEAFOOD";NO0010893902;PROXI;"Euronext Growth Oslo";NOK;7,33;7,39;7,08;7,37;"21/02/2023 16:05";CET;46290;332322,45
PRYME;NL00150005Z1;PRYME;"Euronext Growth Oslo";NOK;8,40;8,88;8,20;8,68;"21/02/2023 16:18";CET;10706;90968,20
"PYRUM INNOVATIONS";DE000A2G8ZX8;PYRUM;"Euronext Growth Oslo";NOK;638,00;640,00;626,00;634,00;"21/02/2023 16:25";CET;298;189118,00
QUADPACK;ES0105118006;ALQP;"Euronext Growth Paris";EUR;18,90;18,90;18,90;18,90;"21/02/2023 09:00";CET;1;18,90
QUANTAFUEL;NO0010785967;QFUEL;"Euronext Growth Oslo";NOK;6,67;6,67;6,31;6,49;"21/02/2023 16:25";CET;250758;1615211,37
"QUANTUM GENOMICS";FR0011648971;ALQGC;"Euronext Growth Paris";EUR;0,184;0,188;0,177;0,18;"21/02/2023 17:35";CET;330874;60602,73
"QUESTBACK GROUP";NO0011019119;QUEST;"Euronext Growth Oslo";NOK;41,00;42,00;41,00;42,00;"30/12/2022 15:14";CET;416;17272,00
QWAMPLIFY;FR0010889386;ALQWA;"Euronext Growth Paris";EUR;3,61;3,61;3,47;3,50;"21/02/2023 17:35";CET;8166;28801,16
"QWAMPLIFY BSAANE";FR0013472677;QWABS;"Euronext Growth Paris";EUR;-;-;-;-;-;CET;-;-
"RACING FORCE";IT0005466963;ALRFG;"Euronext Growth Paris";EUR;5,45;5,51;5,31;5,31;"21/02/2023 13:45";CET;2041;11177,25
"RAPID NUTRITION";GB00BLG2TX24;ALRPD;"Euronext Growth Paris";EUR;0,004;0,004;0,0035;0,0035;"21/02/2023 17:35";CET;1065400;3943,95
REALITES;FR0011858190;ALREA;"Euronext Growth Paris";EUR;30,70;31,00;30,50;30,50;"21/02/2023 17:29";CET;549;16820,20
RECREATE;NO0010859689;RCR;"Euronext Growth Oslo";NOK;15,20;15,20;15,20;15,20;"21/02/2023 13:47";CET;3100;47120,00
"REWORLD MEDIA";FR0010820274;ALREW;"Euronext Growth Paris";EUR;5,82;5,96;5,78;5,83;"21/02/2023 17:35";CET;98768;577954,74
RIBER;FR0000075954;ALRIB;"Euronext Growth Paris";EUR;1,75;1,752;1,728;1,73;"21/02/2023 17:35";CET;3184;5529,63
"RIVER TECH";MT0001710103;RIVER;"Euronext Growth Oslo";NOK;39,80;39,90;39,80;39,90;"20/02/2023 16:05";CET;3000;119540,00
ROCTOOL;FR0010523167;ALROC;"Euronext Growth Paris";EUR;3,21;3,25;3,20;3,25;"21/02/2023 16:06";CET;3729;12045,59
"ROCTOOL BSA 2020-2";FR0013477593;ROCBT;"Euronext Growth Paris";EUR;0,002;0,002;0,002;0,002;"13/12/2022 09:00";CET;4;0,01
"ROMERIKE SPAREBK";NO0010808405;ROMER;"Euronext Growth Oslo";NOK;125,00;125,00;125,00;125,00;"21/02/2023 11:06";CET;5;625,00
"ROMSDAL SPAREBANK";NO0010759988;ROMSB;"Euronext Growth Oslo";NOK;132,00;132,00;132,00;132,00;"21/02/2023 15:31";CET;245;32340,00
"ROUGIER S.A.";FR0000037640;ALRGR;"Euronext Growth Paris";EUR;17,40;17,60;17,40;17,60;"26/02/2018 13:46";CET;162;2843,60
SAFE;FR0013467123;ALSAF;"Euronext Growth Paris";EUR;0,0008;0,0009;0,0007;0,0008;"21/02/2023 17:28";CET;25280586;20345,98
SAPMER;FR0010776617;ALMER;"Euronext Growth Paris";EUR;12,70;12,70;12,70;12,70;"20/02/2023 16:30";CET;200;2540,00
"SEAWAY 7";NO0010893803;SEAW7;"Euronext Growth Oslo";NOK;6,98;7,00;6,60;6,60;"21/02/2023 16:25";CET;144542;992371,54
"SEIF SPA";IT0005353484;ALSEI;"Euronext Growth Paris";EUR;0,284;0,284;0,284;0,284;"31/10/2022 09:00";CET;1;0,28
SENSORION;FR0012596468;ALSEN;"Euronext Growth Paris";EUR;0,333;0,34;0,33;0,34;"21/02/2023 17:35";CET;8308;2791,09
"SHELF DRILLING NO";BMG236541097;SDNS;"Euronext Growth Oslo";NOK;30,61;30,80;29,745;30,00;"21/02/2023 16:25";CET;111150;3351065,32
SIDETRADE;FR0010202606;ALBFR;"Euronext Growth Paris";EUR;152,50;154,50;150,00;150,00;"21/02/2023 17:07";CET;405;61553,00
"SIGNAUX GIROD";FR0000060790;ALGIR;"Euronext Growth Paris";EUR;13,05;13,10;13,05;13,10;"21/02/2023 13:43";CET;315;4111,75
"SKANDIA GREENPOWER";NO0010931207;SKAND;"Euronext Growth Oslo";NOK;0,552;0,648;0,42;0,48;"21/02/2023 16:27";CET;1540812;754426,04
SMAIO;FR0014005I80;ALSMA;"Euronext Growth Paris";EUR;3,52;3,60;3,51;3,60;"21/02/2023 15:59";CET;1412;5001,30
"SMARTOPTICS GROUP";NO0011012502;SMOP;"Euronext Growth Oslo";NOK;28,10;29,80;28,00;28,90;"21/02/2023 16:15";CET;3842926;102004750,90
SOFTIMAT;BE0003773877;SOFT;"Euronext Growth Brussels";EUR;2,50;2,50;2,50;2,50;"21/02/2023 16:30";CET;1000;2500,00
"SOFTOX SOLUTIONS";NO0010811961;SOFTX;"Euronext Growth Oslo";NOK;14,48;15,86;13,66;14,48;"21/02/2023 16:25";CET;67184;984499,08
"SPARBNK 68 GR NORD";NO0010887110;SB68;"Euronext Growth Oslo";NOK;166,02;166,02;163,00;165,00;"21/02/2023 11:56";CET;499;81874,66
SPARTOO;FR00140043Y1;ALSPT;"Euronext Growth Paris";EUR;0,86;0,862;0,82;0,82;"21/02/2023 17:35";CET;16522;13633,70
SPINEGUARD;FR0011464452;ALSGD;"Euronext Growth Paris";EUR;0,92;0,94;0,8855;0,906;"21/02/2023 17:35";CET;342720;312511,77
"SPINEGUARD BS";FR0014003UB4;SGDBS;"Euronext Growth Paris";EUR;0,0082;0,0082;0,0082;0,0082;"21/02/2023 09:41";CET;3000;24,60
SPINEWAY;FR001400BVK2;ALSPW;"Euronext Growth Paris";EUR;1,15;1,2392;1,0906;1,154;"21/02/2023 17:11";CET;48993;57616,13
"STANDARD SUPPLY";NO0012547308;STSU;"Euronext Growth Oslo";NOK;5,31;5,339;5,221;5,33;"21/02/2023 16:25";CET;175977;931107,71
"STATT TORSK";NO0010775844;STATT;"Euronext Growth Oslo";NOK;1,47;1,48;1,46;1,48;"21/02/2023 14:26";CET;46448;68143,04
"STRADIM ESPAC.FIN";FR0000074775;ALSAS;"Euronext Growth Paris";EUR;6,90;7,05;6,90;7,05;"17/02/2023 16:37";CET;1401;9833,40
STREAMWIDE;FR0010528059;ALSTW;"Euronext Growth Paris";EUR;17,05;17,10;16,70;17,10;"21/02/2023 13:15";CET;648;10826,55
"STREAMWIDE BS25";FR001400DG11;STWBS;"Euronext Growth Paris";EUR;-;-;-;-;-;CET;-;-
"SUNNDAL SPAREBANK";NO0010672900;SUNSB;"Euronext Growth Oslo";NOK;127,00;128,00;127,00;128,00;"21/02/2023 10:33";CET;506;64718,00
TATATU;IT0005507857;ALTTU;"Euronext Growth Paris";EUR;8,35;8,35;8,35;8,35;"21/02/2023 09:00";CET;1;8,35
"TECO 2030";NO0010887516;TECO;"Euronext Growth Oslo";NOK;9,80;10,10;9,80;10,10;"21/02/2023 16:25";CET;23796;236284,47
"THE BLOCKCHAIN GP";FR0011053636;ALTBG;"Euronext Growth Paris";EUR;0,409;0,4096;0,394;0,3978;"21/02/2023 17:24";CET;50645;20165,92
"THE KINGFISH COMP";NL00150001S5;KING;"Euronext Growth Oslo";NOK;11,30;11,40;11,20;11,20;"21/02/2023 16:25";CET;444;5001,60
THEBLOCKCHAINGRBS;FR00140065G1;TBGBS;"Euronext Growth Paris";EUR;0,0042;0,0042;0,0042;0,0042;"21/02/2023 14:55";CET;711;2,99
THERACLION;FR0010120402;ALTHE;"Euronext Growth Paris";EUR;0,712;0,718;0,712;0,712;"21/02/2023 17:35";CET;4955;3532,33
THERADIAG;FR0004197747;ALTER;"Euronext Growth Paris";EUR;2,19;2,19;2,19;2,19;"21/02/2023 09:00";CET;50;109,50
THERANEXUS;FR0013286259;ALTHX;"Euronext Growth Paris";EUR;2,06;2,11;1,95;1,98;"21/02/2023 17:35";CET;23005;46927,76
THERAVET;BE0974387194;ALVET;"Euronext Growth Paris, Brussels";EUR;2,90;5,10;2,89;4,59;"21/02/2023 17:35";CET;104638;445806,48
"TME PHARMA";NL0015000YE1;ALTME;"Euronext Growth Paris";EUR;1,175;1,1946;1,1512;1,17;"21/02/2023 17:15";CET;5246;6136,78
"TOOLUX SANDING";LU0394945660;ALTLX;"Euronext Growth Paris";EUR;2,30;2,30;2,30;2,30;"29/08/2022 16:30";CET;10;23,00
TOOSLA;FR00140062B9;ALTOO;"Euronext Growth Paris";EUR;2,35;2,44;2,35;2,44;"21/02/2023 16:30";CET;1701;4012,57
TRILOGIQ;FR0010397901;ALTRI;"Euronext Growth Paris";EUR;4,50;4,50;4,44;4,44;"21/02/2023 16:30";CET;303;1345,50
TRONICS;FR0004175099;ALTRO;"Euronext Growth Paris";EUR;4,98;4,98;4,98;4,98;"21/02/2023 14:18";CET;3;14,94
TTI;FR0010383877;ALTTI;"Euronext Growth Paris";EUR;3,44;3,44;3,44;3,44;"21/02/2023 11:30";CET;1;3,44
TXCOM;FR0010654087;ALTXC;"Euronext Growth Paris";EUR;9,35;9,35;9,35;9,35;"20/02/2023 14:53";CET;21;196,35
"TYSNES SPAREBANK";NO0010731615;TYSB;"Euronext Growth Oslo";NOK;118,00;118,00;118,00;118,00;"16/02/2023 09:20";CET;200;23600,00
"U10 CORP";FR0000079147;ALU10;"Euronext Growth Paris";EUR;1,325;1,325;1,32;1,32;"21/02/2023 15:21";CET;201;265,33
"UNIPHAR PLC";IE00BJ5FQX74;UPR;"Euronext Growth Dublin";EUR;3,37;3,455;3,33;3,38;"21/02/2023 21:00";IST;87507;295468,82
UNITI;FR0012709160;ALUNT;"Euronext Growth Paris";EUR;1,95;1,95;1,95;1,95;"21/02/2023 09:00";CET;1;1,95
UPERGY;FR0010337865;ALUPG;"Euronext Growth Paris";EUR;3,40;3,40;3,40;3,40;"16/02/2023 16:08";CET;5;17,00
"UV GERMI";FR0011898584;ALUVI;"Euronext Growth Paris";EUR;3,63;3,80;3,505;3,785;"21/02/2023 17:26";CET;2102;7715,26
VALBIOTIS;FR0013254851;ALVAL;"Euronext Growth Paris";EUR;3,90;3,90;3,82;3,86;"21/02/2023 17:23";CET;4355;16924,66
"VENTE UNIQUE.COM";FR0010766667;ALVU;"Euronext Growth Paris";EUR;9,18;9,18;9,10;9,10;"21/02/2023 17:35";CET;1103;10109,85
"VEOM GROUP";FR0013530102;ALVG;"Euronext Growth Paris";EUR;1,605;1,62;1,59;1,59;"21/02/2023 13:59";CET;388;622,25
VERGNET;FR001400D5I2;ALVER;"Euronext Growth Paris";EUR;0,12;0,12;0,099;0,1049;"21/02/2023 17:38";CET;2402327;253527,79
VIALIFE;FR0010326090;ALVIA;"Euronext Growth Paris";EUR;14,00;14,00;14,00;14,00;"30/01/2023 11:36";CET;230;3220,00
VISIATIV;FR0004029478;ALVIV;"Euronext Growth Paris";EUR;34,00;34,75;34,00;34,30;"21/02/2023 17:35";CET;2081;71585,50
"VISIATIV BS";FR0014003O76;VIVBS;"Euronext Growth Paris";EUR;0,75;0,75;0,75;0,75;"17/02/2023 11:47";CET;20;15,00
"VISIOMED BSA2018-1";FR0013322724;VMGBS;"Euronext Growth Paris";EUR;0,0005;0,0005;0,0005;0,0005;"21/02/2023 16:48";CET;1276;0,63
"VISIOMED GROUP";FR0013481835;ALVMG;"Euronext Growth Paris";EUR;0,338;0,3465;0,3265;0,3395;"21/02/2023 17:35";CET;1514559;510039,33
VISIOMEDBSA26OCT23;FR0013321817;VMGBT;"Euronext Growth Paris";EUR;-;-;-;-;-;CET;-;-
VOGO;FR0011532225;ALVGO;"Euronext Growth Paris";EUR;4,29;4,29;4,225;4,29;"21/02/2023 17:35";CET;2554;10947,47
"VOW GREEN METALS";NO0011037483;VGM;"Euronext Growth Oslo";NOK;2,515;2,65;2,49;2,62;"21/02/2023 16:25";CET;65377;163571,67
"VOYAGEURS DU MONDE";FR0004045847;ALVDM;"Euronext Growth Paris";EUR;105,60;106,40;105,60;106,00;"21/02/2023 17:35";CET;941;99773,40
WALLIX;FR0010131409;ALLIX;"Euronext Growth Paris";EUR;12,74;12,82;12,56;12,58;"21/02/2023 17:35";CET;4691;59583,48
"WASTE PLASTIC UPCY";DK0061676400;WPU;"Euronext Growth Oslo";NOK;28,00;29,395;28,00;29,395;"21/02/2023 16:08";CET;1571;44626,11
WE.CONNECT;FR0013079092;ALWEC;"Euronext Growth Paris";EUR;14,55;14,55;14,45;14,45;"21/02/2023 15:29";CET;26;375,80
WEDIA;FR0010688440;ALWED;"Euronext Growth Paris";EUR;30,00;30,00;30,00;30,00;"21/02/2023 09:00";CET;9;270,00
"WESTERN BULK CHART";NO0010768096;WEST;"Euronext Growth Oslo";NOK;41,60;41,80;40,20;41,80;"21/02/2023 16:25";CET;26618;1097431,70
"WHITESTONE GROUP";BE0974401334;ROCK;"Euronext Growth Brussels";EUR;9,90;9,90;9,90;9,90;"10/02/2023 12:34";CET;6000;59400,00
WINFARM;FR0014000P11;ALWF;"Euronext Growth Paris";EUR;23,20;23,20;22,20;22,20;"21/02/2023 17:35";CET;1593;35957,00
WITBE;FR0013143872;ALWIT;"Euronext Growth Paris";EUR;9,05;9,36;9,00;9,35;"21/02/2023 17:18";CET;22568;206690,23
"XPLORA TECHNOLOGIE";NO0010895782;XPLRA;"Euronext Growth Oslo";NOK;8,09;8,17;7,72;8,00;"21/02/2023 16:25";CET;11289;90029,90
"ZENITH ENERGY";CA98936C1068;ZENA;"Euronext Growth Oslo";NOK;0,0721;0,0754;0,0685;0,0723;"21/02/2023 16:25";CET;68435638;4869636,40
ZWIPE;NO0010721277;ZWIPE;"Euronext Growth Oslo";NOK;5,00;5,00;5,00;5,00;"21/02/2023 16:25";CET;345;1725,00
